{
    "Expense":[
        {
            "payeeName":"Dezosa",
            "product":"shopping",
            "price":1000,
            "setDate":"2023-07-09",
            "id":1
        },
        {
            "payeeName":"Dezosa",
            "product":"medicine",
            "price":100,
            "setDate":"2023-07-10",
            "id":2 
        },
        {
            "payeeName":"Rexi",
            "product":"cleaning_service",
            "price":2000,
            "setDate":"2023-07-09",
            "id":3
        },
        {
            "payeeName":"Dezosa",
            "product":"veg",
            "price":1000,
            "setDate":"2023-07-09",
            "id":4 
        },
        {
            "payeeName":"Dezosa",
            "product":"school",
            "price":1000,
            "setDate":"2023-07-09",
            "id":5
        },
        {
            "payeeName":"Rexi",
            "product":"rent",
            "price":5000,
            "setDate":"2023-07-11",
            "id":6
        }
    ]
}